Firstname,Lastname,Gender,Date of birth,SSN,Type,Education,Institution,"Month, Year",Years of experience,Address,Phone
Shirley,Albert,Female,"Feb 12,1985",547488944,Nurse,Bachelors,Duke university,"May, 2006",15,"2368 Union St., South Orange, NJ 07079",(973)647-4684
Joanne,Adams,Female,"Oct 01,1988",524574651,Nurse,Bachelors,New York University,"Dec, 2010",9,"256 Royal King St., Verona, NJ 07004",(201) 547-3774
William,James,Male,"May 28,1987",645468583,Physiotherapist,Masters,University of Wisconsin-Madison,"May, 2010",9,"14 Nassau St., Princeton, NJ 07002",(908) 611-0062
Delores,Bensen,Female,"Jan 26,1990",538467222,Physiotherapist,Bachelors,University of Pennsylvania,"May, 2011",8,"6 Washington Ave., Verona, NJ 07004",(201) 900-1173
Martha,Wilkinson,Female,"Aug 15,1987",644374825,Nurse,Masters,John Hopkins University,"May, 2013",8,"210 Main St., Chester, NJ 07064",(892) 772-7765
Brian,Goldorf,Male,"Aug 02,1987",527457489,Nurse,Masters,University of Wisconsin-Madison,"May, 2014",5,"88 Bloomfield Ave., Lambertville, NJ 07001",(201) 735-4773
Kimberly,Briggs,Female,"Apr 30,1991",508377378,Nurse,Bachelors,Lawrence University,"May, 2015",6,"266 Waukeesan St., Wayne, NJ 07470",(892) 145-2562
Thomas ,Cooper,Male,"Dec 04,1991",600737363,Psychiatrist,Masters,University of Washington,"May, 2017",3,"82674 Clinton Ave., Newton, NJ 07003",(732) 888-6373
Clement,Sanderson,Male,"Mar 14,1992",726107474,Physiotherapist,Masters,University of Maryland,"May, 2015",6,"46 James Madison Ave., Teaneck, NJ 07082",(973) 927-3773
Rocky,White,Male,"Sep 01,1984",538836838,Psychiatrist,Masters,Emory University,"May, 2010",10,"6451 Sprint Ave., Newton, NJ 07003",(732) 102-9785
Sue,Hansen,Female,"Aug 10,1982",503647476,Psychiatrist,Doctorate,John Hopkins University,"May, 2011",9,"760 Grove Road, South Orange, NJ 07079",(973) 591-3588
Daniel,Wang,Male,"Feb 27,1980",611577933,Psychiatrist,Doctorate,John Hopkins University,"May, 2010",11,"45 Market Place, Princeton, NJ 07002",(908) 333-1919
Arjun,Singh,Male,"Mar 19,1990",682564748,Nurse,Bachelors,Duke university,"May, 2013",8,"888 Luke St., Hampton, NJ 07601",(908) 901-8987
Laura,Tangen,Female,"Nov 19,1982",631564002,Psychiatrist,Masters,University of Wisconsin-Madison,"Dec, 2007",12,"925 Academy Rd., Caldwell, NJ 07006",(201) 917-6475
Malane,Thomson,Female,"July 08,1987",501201839,Physiotherapist,Masters,University of Pittsburgh,"Dec, 2011",8,"234 Nassau St., Princeton, NJ 07002",(908) 164-2453
